[{"id":0,"type":"complication_background","background":"#background","goal_ring":{"is_enable":"#goal_ring","end_angle":"#fi","is_invert":"#$e"},"dimension":{"type":"rigid","width":"#size.w","height":"#size.h"},"placement":{"type":"absolute","left":"#pos.Ue","top":"#pos.Qe"},"visible":true,"inversion":false},{"id":1,"parent_id":0,"type":"complication_content","icon":"icBattery","text_low":"#ci","dimension":{"type":"rigid","width":76,"height":76},"placement":{"type":"relative"},"visible":true,"inversion":"#$e"},{"id":2,"parent_id":1,"type":"solid","placement":{"type":"absolute","left":29,"top":23},"color":"#nt","dimension":{"type":"rigid","height":6,"width":"#it"},"visible":true,"inversion":false},{"id":3,"parent_id":1,"type":"image","image_name":"icBattCharging","draw_mode":1,"placement":{"type":"absolute","left":34,"top":21},"dimension":{"width":6,"height":9},"visible":"#et","inversion":false}]
