[{"id":0,"type":"complication_background","background":"#background","goal_ring":{"is_enable":"#goal_ring","end_angle":"#fi","is_invert":"#$e"},"dimension":{"type":"rigid","width":"#size.w","height":"#size.h"},"placement":{"type":"absolute","left":"#pos.Ue","top":"#pos.Qe"},"visible":true,"inversion":false},{"id":1,"parent_id":0,"type":"complication_content","icon":"#icon","text_high":"#dt","text_low":"#ci","dimension":{"type":"rigid","width":76,"height":76},"placement":{"type":"relative"},"visible":true,"inversion":"#$e"}]