{
  "by-id": {
    "-1": "UNKNOWN",
    "1": "PEBBLE",
    "10": "MIBAND",
    "11": "MIBAND2",
    "1001": "MIBAND2_HRX",
    "12": "AMAZFITBIP",
    "13": "AMAZFITCOR",
    "14": "MIBAND3",
    "15": "AMAZFITCOR2",
    "16": "MIBAND4",
    "17": "AMAZFITBIP_LITE",
    "18": "AMAZFITGTR",
    "19": "AMAZFITGTS",
    "20": "AMAZFITBIPS",
    "21": "AMAZFITGTR_LITE",
    "22": "AMAZFITTREX",
    "23": "MIBAND5",
    "24": "AMAZFITBAND5",
    "25": "AMAZFITBIPS_LITE",
    "26": "AMAZFITGTR2",
    "27": "AMAZFITGTS2",
    "28": "AMAZFITBIPU",
    "29": "AMAZFITVERGEL",
    "30": "AMAZFITBIPUPRO",
    "31": "AMAZFITNEO",
    "32": "AMAZFITGTS2_MINI",
    "33": "ZEPP_E",
    "34": "AMAZFITGTR2E",
    "35": "AMAZFITGTS2E",
    "36": "AMAZFITX",
    "37": "MIBAND6",
    "38": "AMAZFITTREXPRO",
    "39": "AMAZFITPOP",
    "10040": "AMAZFITPOPPRO",
    "10041": "MIBAND7",
    "10042": "AMAZFITGTS3",
    "10043": "AMAZFITGTR3",
    "10044": "AMAZFITGTR4",
    "10045": "AMAZFITBAND7",
    "10046": "AMAZFITGTS4",
    "10047": "AMAZFITGTS4MINI",
    "10048": "AMAZFITTREX2",
    "10049": "AMAZFITGTR3PRO",
    "10051": "AMAZFITBIP3PRO",
    "10050": "AMAZFITCHEETAHPRO",
    "10052": "AMAZFITCHEETAHSQUARE",
    "10053": "AMAZFITCHEETAHROUND",
    "10054": "AMAZFITBIP5",
    "10055": "AMAZFITTREXULTRA",
    "10056": "AMAZFITGTRMINI",
    "10057": "AMAZFITFALCON",
    "10058": "AMAZFITBALANCE",
    "40": "HPLUS",
    "41": "MAKIBESF68",
    "42": "EXRIZUK8",
    "43": "Q8",
    "44": "SG2",
    "50": "NO1F1",
    "60": "TECLASTH30",
    "61": "Y5",
    "70": "XWATCH",
    "80": "ZETIME",
    "90": "ID115",
    "100": "WATCH9",
    "102": "WATCHXPLUS",
    "110": "ROIDMI",
    "112": "ROIDMI3",
    "120": "CASIOGB6900",
    "121": "CASIOGBX100",
    "122": "CASIOGWB5600",
    "123": "CASIOGMWB5000",
    "131": "MISCALE2",
    "140": "BFH16",
    "150": "MAKIBESHR3",
    "160": "BANGLEJS",
    "170": "FOSSILQHYBRID",
    "180": "TLW64",
    "190": "PINETIME_JF",
    "200": "MIJIA_LYWSD02",
    "210": "LEFUN",
    "211": "BOHEMIC_SMART_BRACELET",
    "220": "SMAQ2OSS",
    "230": "FITPRO",
    "250": "ITAG",
    "251": "NUTMINI",
    "260": "VIVOMOVE_HR",
    "300": "VIBRATISSIMO",
    "310": "SONY_SWR12",
    "320": "LIVEVIEW",
    "330": "WASPOS",
    "350": "UM25",
    "400": "DOMYOS_T540",
    "410": "NOTHING_EAR1",
    "418": "GALAXY_BUDS_PRO",
    "419": "GALAXY_BUDS_LIVE",
    "420": "GALAXY_BUDS",
    "421": "GALAXY_BUDS2",
    "422": "GALAXY_BUDS2_PRO",
    "430": "SONY_WH_1000XM3",
    "431": "SONY_WF_SP800N",
    "432": "SONY_WH_1000XM4",
    "433": "SONY_WF_1000XM3",
    "434": "SONY_WH_1000XM2",
    "435": "SONY_WF_1000XM4",
    "436": "SONY_LINKBUDS_S",
    "437": "SONY_WH_1000XM5",
    "438": "SONY_WF_1000XM5",
    "440": "BOSE_QC35",
    "500": "VESC",
    "510": "BINARY_SENSOR",
    "520": "FLIPPER_ZERO",
    "530": "SUPER_CARS",
    "540": "ASTEROIDOS",
    "550": "SOFLOW_SO6",
    "560": "WITHINGS_STEEL_HR",
    "570": "SONY_WENA_3",
    "580": "FEMOMETER_VINCA2",
    "1000": "TEST"
  }
}